date;A1;A2;A3;A4;A5;A6;A7;A8;A9;A10;A11;A12;A13;A14;A15;A16;A17;A18;A19;A20;A21;A22;A23;A24;A25;A26;A27;A28;A29;A30;A31;A32
38625;0.702;1.277;1.304;1.423;0.973;1.105;1.046;1.12;1.083;0.898;0.878;0.964;0.834;1.346;1.074;0.878;1.064;1.37;1.449;0.728;1.055;0.82;1.056;1.176;1.07;1.044;1.561;1.224;0.883;0.952;0.929;1.08
38656;0.768818112;1.186940806;1.286569188;1.470274475;0.952928156;1.116620541;1.037812801;1.11339742;0.889940554;0.959800151;0.872717936;0.901143436;0.828189729;1.323287124;1.090902605;0.881961548;1.076148748;1.648628886;1.358148496;0.754674424;1.061338477;0.673950925;1.029325576;1.172038452;1.067358968;1.129833543;1.572092335;1.204720466;0.934500126;0.913969138;0.911833291;1.105353908
38686;0.888181888;1.026059194;1.255430812;1.554725525;0.917071844;1.137379459;1.023187199;1.10160258;0.545059446;1.070199849;0.863282064;0.788856564;0.817810271;1.282712876;1.121097395;0.889038452;1.097851252;2.146371114;1.195851504;0.802325576;1.072661523;0.413049075;0.981674424;1.164961548;1.062641032;1.283166457;1.591907665;1.170279534;1.026499874;0.846030862;0.881166709;1.150646092
38717;0.955;0.936;1.238;1.602;0.897;1.149;1.015;1.095;0.352;1.132;0.858;0.726;0.812;1.26;1.138;0.893;1.11;2.425;1.105;0.829;1.079;0.267;0.955;1.161;1.06;1.369;1.603;1.151;1.078;0.808;0.864;1.176
38748;0.938274118;0.9623227;1.229499962;1.526048044;0.881096702;1.212887385;1.005403182;1.078548313;0.255483435;1.084290107;0.920790606;0.715306403;0.79253217;1.22106434;1.112499885;0.886967715;1.087790222;2.208660313;1.08553217;0.869306634;1.069128988;0.263709663;0.948967715;1.150854793;1.045467676;1.31059651;1.600806442;1.091225536;1.013015835;0.795661235;0.830548236;1.13706434
38776;0.910725882;1.0056773;1.215500038;1.400951956;0.854903298;1.318112615;0.989596818;1.051451687;0.096516565;1.005709893;1.024209394;0.697693597;0.76046783;1.15693566;1.070500115;0.877032285;1.051209778;1.852339687;1.05346783;0.935693366;1.052871012;0.258290337;0.939032285;1.134145207;1.021532324;1.21440349;1.597193558;0.992774464;0.905984165;0.775338765;0.775451764;1.07293566
38807;0.894;1.032;1.207;1.325;0.839;1.382;0.98;1.035;5.55112E-17;0.958;1.087;0.687;0.741;1.118;1.045;0.871;1.029;1.636;1.034;0.976;1.043;0.255;0.933;1.124;1.007;1.156;1.595;0.933;0.841;0.763;0.742;1.034
38837;0.884842004;1.138334506;1.194280561;1.33950016;0.816613788;1.281770825;0.956341844;1.027368337;0.089290458;0.916025853;1.038666134;0.695649218;0.742017555;1.107824449;1.041947335;0.869728056;1.039684328;1.667798596;1.061728376;0.961754229;1.02646473;0.36057134;0.85846409;1.108482285;1.002166613;1.18703543;1.577447175;0.887973188;0.861859879;0.751298117;0.738184168;1.040359719
38868;0.867157996;1.343665494;1.169719439;1.36749984;0.773386212;1.088229175;0.910658156;1.012631663;0.261709542;0.834974147;0.945333866;0.712350782;0.743982445;1.088175551;1.036052665;0.867271944;1.060315672;1.729201404;1.115271624;0.934245771;0.99453527;0.56442866;0.71453591;1.078517715;0.992833387;1.24696457;1.543552825;0.801026812;0.902140121;0.728701883;0.730815832;1.052640281
38898;0.858;1.45;1.157;1.382;0.751;0.988;0.887;1.005;0.351;0.793;0.897;0.721;0.745;1.078;1.033;0.866;1.071;1.761;1.143;0.92;0.978;0.67;0.64;1.063;0.988;1.278;1.526;0.756;0.923;0.717;0.727;1.059
38929;0.856679484;1.330361246;1.206123197;1.304881863;0.741228181;0.964758918;0.876699975;0.99021022;0.716782945;0.789038452;0.918656463;0.719679484;0.724664053;1.044194789;1.055976979;0.808953707;1.135441183;1.841287376;1.150130787;0.958559069;0.961889704;0.602389578;0.6975745;1.050323046;0.958948647;1.246307615;1.478197319;0.790333417;0.887081964;0.72439489;0.737035922;1.039984569
38960;0.854248253;1.110091765;1.296564971;1.162898003;0.723237076;0.921969261;0.857736377;0.962980439;1.390233788;0.78174476;0.958528643;0.717248253;0.687223103;0.981955289;1.09828039;0.70392455;1.254085231;1.989106189;1.163259431;1.029550999;0.932228692;0.477910578;0.803576149;1.026983233;0.905461576;1.187958083;1.390186776;0.85354541;0.820952494;0.738009781;0.755513274;1.00497485
38990;0.853;0.997;1.343;1.09;0.714;0.9;0.848;0.949;1.736;0.778;0.979;0.716;0.668;0.95;1.12;0.65;1.315;2.065;1.17;1.066;0.917;0.414;0.858;1.015;0.878;1.158;1.345;0.886;0.787;0.745;0.765;0.987
39021;0.825533266;1.003866683;1.294140906;1.12618214;0.728261573;0.887323046;0.830040982;0.943189729;1.373650397;0.715143436;0.966058943;0.67242297;0.671961548;1.013120667;1.086194789;0.689087275;1.227845941;2.06420769;1.12721528;1.025328106;0.91039742;0.450446243;0.901312926;1.025300025;0.87879231;1.13000506;1.33839742;0.897092335;0.806015431;0.739453833;0.742551227;0.989112826
39051;0.776466734;1.016133317;1.206859094;1.19081786;0.753738427;0.864676954;0.797959018;0.932810271;0.726349603;0.602856564;0.942941057;0.59457703;0.679038452;1.125879333;1.025805211;0.758912725;1.072154059;2.06279231;1.05078472;0.952671894;0.89860258;0.515553757;0.978687074;1.043699975;0.88020769;1.07999494;1.32660258;0.916907665;0.839984569;0.729546167;0.702448773;0.992887174
39082;0.749;1.023;1.158;1.227;0.768;0.852;0.78;0.927;0.364;0.54;0.93;0.551;0.683;1.189;0.992;0.798;0.985;2.062;1.008;0.912;0.892;0.552;1.022;1.054;0.881;1.052;1.32;0.928;0.859;0.724;0.68;0.995
39113;0.738854793;1.129113383;1.146758014;1.211370897;0.804467907;0.904919594;0.781096779;0.930290337;0.458048812;0.56522592;0.932467753;0.568000077;0.7093227;1.136354601;1.004338765;0.770032132;0.943322392;1.853886156;1.018967791;0.910080636;0.902145207;0.50675786;0.961128757;1.042758014;0.876887078;1.085725959;1.351532401;0.944177492;0.843645092;0.72345161;0.685758091;0.999661311
39141;0.722145207;1.303886617;1.128241986;1.185629103;0.864532093;0.992080406;0.782903221;0.935709663;0.612951188;0.60677408;0.936532247;0.595999923;0.7526773;1.049645399;1.024661235;0.723967868;0.874677608;1.511113844;1.037032209;0.906919364;0.918854793;0.43224214;0.860871243;1.024241986;0.870112922;1.141274041;1.403467599;0.970822508;0.818354908;0.72254839;0.695241909;1.007338689
39172;0.712;1.41;1.117;1.17;0.901;1.045;0.784;0.939;0.707;0.632;0.939;0.613;0.779;0.997;1.037;0.696;0.833;1.303;1.048;0.905;0.929;0.387;0.8;1.013;0.866;1.175;1.435;0.987;0.803;0.722;0.701;1.012
39202;0.71810533;1.31078838;1.153631983;1.129552186;0.936614428;1.010403127;0.771280561;0.932640281;0.710052665;0.669649538;0.931622726;0.552709861;0.754578678;0.968508458;0.988157356;0.691675391;0.831473667;1.33607054;1.049271944;0.852595913;0.915008618;0.38292978;0.790587616;1.018596553;0.86192978;1.126666134;1.429403447;0.936376635;0.800456112;0.720219279;0.702526333;1.002587616
39233;0.72989467;1.11921162;1.224368017;1.051447814;1.005385572;0.943596873;0.746719439;0.920359719;0.715947335;0.742350462;0.917377274;0.436290139;0.707421322;0.913491542;0.893842644;0.683324609;0.828526333;1.39992946;1.051728056;0.751404087;0.887991382;0.37507022;0.772412384;1.029403447;0.85407022;1.033333866;1.418596553;0.838623365;0.795543888;0.716780721;0.705473667;0.984412384
39263;0.736;1.02;1.261;1.011;1.041;0.909;0.734;0.914;0.719;0.78;0.91;0.376;0.683;0.885;0.845;0.679;0.827;1.433;1.053;0.699;0.874;0.371;0.763;1.035;0.85;0.985;1.413;0.788;0.793;0.715;0.707;0.975
39294;0.648845941;0.940769037;1.232476853;1.023676954;0.98421781;0.905566658;0.74799747;0.915584619;0.624186948;0.773661523;0.861405009;0.456023272;0.665569188;0.838781938;0.833907665;0.679528206;0.870841133;1.489518087;1.041643562;0.699528206;0.861323046;0.330064003;0.746097395;1.041074374;0.858187199;1.012202631;1.398474323;0.802525677;0.800130787;0.724771819;0.702774349;0.978169239
39325;0.488384729;0.794895208;1.179962275;1.047016767;0.879674899;0.899245459;0.773768513;0.918502096;0.449624599;0.761991617;0.771935728;0.60335584;0.633476946;0.753688872;0.813485329;0.680500699;0.951557985;1.593574751;1.02073498;0.700500699;0.837983233;0.254695858;0.714977644;1.052258034;0.873260828;1.062285978;1.371730788;0.829269212;0.813259431;0.742762924;0.694994411;0.984004192
39355;0.406;0.72;1.153;1.059;0.826;0.896;0.787;0.92;0.36;0.756;0.726;0.679;0.617;0.71;0.803;0.681;0.993;1.647;1.01;0.701;0.826;0.216;0.699;1.058;0.881;1.088;1.358;0.843;0.82;0.752;0.691;0.987
39386;0.42818467;0.923623575;1.147717936;1.113669364;0.817020491;0.871702505;0.786735897;0.930035922;0.730008597;0.753094865;0.765087275;0.662097395;0.647371869;0.739843663;0.772628131;0.693676954;1.011223121;1.801500378;1.021356438;0.688323046;0.844223121;0.268028332;0.716430812;1.089164179;0.886546167;1.05181786;1.359056413;0.837717936;0.802569188;0.759658993;0.689151278;0.995451303
39416;0.46781533;1.287376425;1.138282064;1.211330636;0.800979509;0.828297495;0.786264103;0.947964078;1.390991403;0.747905135;0.834912725;0.631902605;0.701628131;0.793156337;0.718371869;0.716323046;1.043776879;2.077499622;1.041643562;0.665676954;0.876776879;0.360971668;0.747569188;1.144835821;0.896453833;0.98718214;1.360943587;0.828282064;0.771430812;0.773341007;0.685848722;1.010548697
39447;0.49;1.491;1.133;1.266;0.792;0.804;0.786;0.958;1.761;0.745;0.874;0.615;0.732;0.823;0.688;0.729;1.062;2.232;1.053;0.653;0.895;0.413;0.765;1.176;0.902;0.951;1.362;0.823;0.754;0.781;0.684;1.019
39478;0.474393351;1.379869897;1.06277008;1.246895309;0.801148725;0.855125229;0.782501958;0.93997163;1.287149851;0.706521538;0.876152641;0.613923679;0.699441301;0.851791576;0.697686886;0.696710382;1.00899121;2.02023392;0.983577321;0.743410931;0.876433469;0.407618397;0.713605691;1.144786702;0.893120355;0.941851275;1.350160473;0.802818989;0.709870855;0.779116439;0.664895309;1.021690802
39507;0.447606649;1.189130103;0.94222992;1.214104691;0.816851275;0.942874771;0.776498042;0.90902837;0.473850149;0.640478462;0.879847359;0.612076321;0.643558699;0.901208424;0.714313114;0.641289618;0.91800879;1.65676608;0.864422679;0.898589069;0.844566531;0.398381603;0.625394309;1.091213298;0.877879645;0.926148725;1.329839527;0.768181011;0.634129145;0.775883561;0.632104691;1.026309198
39538;0.432;1.078;0.872;1.195;0.826;0.994;0.773;0.891;-4.44089E-16;0.602;0.882;0.611;0.611;0.93;0.724;0.609;0.865;1.445;0.795;0.989;0.826;0.393;0.574;1.06;0.869;0.917;1.318;0.748;0.59;0.774;0.613;1.029
39568;0.521290458;1.097079158;0.948062242;1.179991063;0.84457038;0.968306734;0.790552825;0.919237153;0.182396748;0.685439517;0.876149058;0.681465689;0.620157996;0.947552825;0.685078518;0.636473987;0.949202683;1.65385318;0.859869136;0.9164992;0.844061603;0.425052985;0.603509097;1.105281201;0.877140441;0.970167253;1.3905008;0.794044367;0.620526652;0.788754549;0.639202043;1.031543888
39599;0.693709542;1.133920842;1.094937758;1.151008937;0.88042962;0.918693266;0.824447175;0.973762847;0.534603252;0.846560483;0.864850942;0.817534311;0.637842004;0.981447175;0.609921482;0.689526013;1.111797317;2.05714682;0.985130864;0.7765008;0.878938397;0.486947015;0.660490903;1.192718799;0.892859559;1.072832747;1.5304992;0.882955633;0.679473348;0.817245451;0.689797957;1.036456112
39629;0.783;1.153;1.171;1.136;0.899;0.893;0.842;1.002;0.717;0.93;0.859;0.888;0.647;0.999;0.571;0.717;1.196;2.266;1.05;0.704;0.897;0.519;0.69;1.238;0.901;1.126;1.603;0.929;0.71;0.832;0.716;1.039
39660;0.669963826;1.131343537;1.168094865;1.131510245;0.915374399;0.921259043;0.845169239;1.012564128;0.620602329;0.893025551;0.88039236;0.901733367;0.657564128;1.041520617;0.651815582;0.721225651;1.184115356;2.335195041;1.055546167;0.770818112;0.903074374;0.638374651;0.763684795;1.250412851;0.91499747;1.158220592;1.579758918;0.928471794;0.840731089;0.851015431;0.735807741;1.031869213
39691;0.461850497;1.091471357;1.162746158;1.123244062;0.945521657;0.973287376;0.851004192;1.032013972;0.443122503;0.824951097;0.919778294;0.927018164;0.677013972;1.119806238;0.800606887;0.729005589;1.162234281;2.462591518;1.065757335;0.893838374;0.914258034;0.858157886;0.899347456;1.273266417;0.940768513;1.217542615;1.536969261;0.927499301;1.081422906;0.88602515;0.772276198;1.018740569
39721;0.355;1.071;1.16;1.119;0.961;1;0.854;1.042;0.352;0.79;0.94;0.94;0.687;1.16;0.877;0.733;1.151;2.528;1.071;0.957;0.92;0.971;0.969;1.285;0.954;1.248;1.515;0.927;1.205;0.904;0.791;1.012
39752;0.465131038;1.287828735;1.209651403;1.272972171;1.054756639;1.074477105;0.899689855;1.123343789;0.735741963;0.912807992;1.072051605;0.953733367;0.734802681;1.18060005;0.940120667;0.810646344;1.205669364;2.811646847;1.143628383;1.104897797;1.003720717;0.856907413;1.1253491;1.400148999;1.03217455;1.325910447;1.585515557;1.041620793;1.164856312;0.964479635;0.843292435;1.137449025
39782;0.661868962;1.675171265;1.298348597;1.548027829;1.222243361;1.207522895;0.981310145;1.268656211;1.421258037;1.132192008;1.307948395;0.978266633;0.820197319;1.21739995;1.052879333;0.949353656;1.303330636;3.318353153;1.273371617;1.369102203;1.153279283;0.653092587;1.4046509;1.605851001;1.17182545;1.465089553;1.711484443;1.246379207;1.093143688;1.072520365;0.936707565;1.361550975
39813;0.772;1.892;1.348;1.702;1.316;1.282;1.027;1.35;1.805;1.255;1.44;0.992;0.868;1.238;1.116;1.027;1.358;3.602;1.346;1.517;1.237;0.539;1.561;1.721;1.25;1.543;1.782;1.361;1.053;1.133;0.989;1.487
39844;0.820258283;2.019500576;1.378709816;1.786451995;1.368371204;1.342871243;1.046193635;1.374677531;1.41153048;1.307919594;1.419709586;1.17872665;0.950258436;1.376742562;1.214161734;1.140516642;1.446564916;3.21483696;1.328177339;1.518645169;1.307742255;0.53269352;1.454612422;1.7473227;1.26946783;1.595919594;1.809419479;1.305886848;1.089742102;1.125048351;0.986258052;1.546774464
39872;0.899741717;2.229499424;1.429290184;1.925548005;1.454628796;1.443128757;1.077806365;1.415322469;0.76346952;1.395080406;1.386290414;1.48627335;1.085741564;1.605257438;1.375838266;1.327483358;1.592435084;2.57716304;1.298822661;1.521354831;1.424257745;0.52230648;1.279387578;1.7906773;1.30153217;1.683080406;1.854580521;1.215113152;1.150257898;1.111951649;0.981741948;1.645225536
39903;0.948;2.357;1.46;2.01;1.507;1.504;1.097;1.44;0.37;1.448;1.366;1.673;1.168;1.744;1.474;1.441;1.681;2.19;1.281;1.523;1.495;0.516;1.173;1.817;1.321;1.736;1.882;1.16;1.187;1.104;0.979;1.705
39933;0.952578998;2.274832427;1.431254069;1.94385892;1.468587296;1.442946695;1.060368017;1.417359399;0.71138973;1.45003511;1.363456112;1.675543888;1.239737633;1.695920522;1.465350782;1.394701244;1.650982125;2.333729655;1.2334293;1.509008618;1.48049984;0.512692946;1.18750016;1.796903287;1.30242962;1.703438237;1.86749984;1.125403127;1.162069901;1.105526333;0.959157676;1.632753589
39964;0.961421002;2.116167573;1.375745931;1.81614108;1.394412704;1.325053305;0.989631983;1.373640601;1.37061027;1.45396489;1.358543888;1.680456112;1.378262367;1.603079478;1.448649218;1.305298756;1.593017875;2.611270345;1.1415707;1.481991382;1.45250016;0.506307054;1.21549984;1.758096713;1.26657038;1.640561763;1.83950016;1.058596873;1.113930099;1.108473667;0.920842324;1.493246411
39994;0.966;2.034;1.347;1.75;1.356;1.264;0.953;1.351;1.712;1.456;1.356;1.683;1.45;1.555;1.44;1.259;1.563;2.755;1.094;1.468;1.438;0.503;1.23;1.738;1.248;1.608;1.825;1.024;1.089;1.11;0.901;1.421
40025;0.954115356;2.082066784;1.342246142;1.722533266;1.317176828;1.25660511;0.958017961;1.349943587;1.44208652;1.513838603;1.375015431;1.692771819;1.427287124;1.543643562;1.429699975;1.291220592;1.542664053;2.71221528;1.117769289;1.385863902;1.429812801;0.514092335;1.226830761;1.724266633;1.251961548;1.57921275;1.805192259;1.055956488;1.15396939;1.125317986;0.888058943;1.446882115
40056;0.932234281;2.170563574;1.333493713;1.671963672;1.245698652;1.242990219;0.967256637;1.347998603;0.94514301;1.620326498;1.41002515;1.710762924;1.38546996;1.52273498;1.410736377;1.350542615;1.505223103;2.633443413;1.161531437;1.234641366;1.414739172;0.534514671;1.220995808;1.698981836;1.25925524;1.526211926;1.768723802;1.114792266;1.273585929;1.15352026;0.864232884;1.494534232
40086;0.921;2.216;1.329;1.646;1.209;1.236;0.972;1.347;0.69;1.675;1.428;1.72;1.364;1.512;1.401;1.381;1.486;2.593;1.184;1.157;1.407;0.545;1.218;1.686;1.263;1.499;1.75;1.145;1.335;1.168;0.852;1.519
40117;1.000495066;2.247956488;1.344846193;1.706479635;1.247294965;1.293046293;0.95879484;1.361525677;0.59862029;1.65439995;1.412153807;1.823528458;1.427648873;1.570102706;1.381984569;1.439895016;1.54278219;2.857631416;1.16260764;1.258151529;1.451369339;0.640077155;1.173894764;1.720333417;1.268017961;1.532012901;1.729664053;1.194123197;1.344243612;1.166679484;0.871807741;1.564161649
40147;1.142504934;2.305043512;1.373153807;1.814520365;1.315705035;1.394953707;0.93520516;1.387474323;0.43537971;1.61760005;1.383846193;2.008471542;1.541351127;1.673897294;1.348015431;1.545104984;1.64421781;3.330368584;1.12439236;1.438848471;1.530630661;0.809922845;1.095105236;1.781666583;1.276982039;1.590987099;1.693335947;1.281876803;1.360756388;1.164320516;0.907192259;1.644838351
40178;1.222;2.337;1.389;1.875;1.354;1.452;0.922;1.402;0.344;1.597;1.368;2.112;1.605;1.732;1.329;1.604;1.701;3.595;1.103;1.54;1.575;0.905;1.051;1.816;1.282;1.624;1.673;1.331;1.37;1.163;0.927;1.69
40209;1.135902837;2.423371358;1.328128757;1.808370667;1.298338458;1.386467446;0.905548313;1.354015912;0.799985931;1.497741487;1.399532401;1.906902299;1.546048121;1.625064033;1.324064494;1.556564302;1.677967638;3.377563534;1.039935199;1.391386425;1.521532016;0.830693213;1.045790299;1.756499731;1.241967561;1.562580368;1.646128911;1.288499808;1.31845138;1.11090299;0.886693366;1.61212868
40237;0.994097163;2.565628642;1.227871243;1.698629333;1.206661542;1.278532554;0.878451687;1.274984088;1.551014069;1.334258513;1.451467599;1.569097701;1.448951879;1.448935967;1.315935506;1.478435698;1.640032362;3.019436466;0.936064801;1.146613575;1.433467984;0.708306787;1.037209701;1.658500269;1.176032439;1.461419632;1.601871089;1.218500192;1.23354862;1.02509701;0.820306634;1.48387132
40268;0.908;2.652;1.167;1.632;1.151;1.213;0.862;1.227;2.007;1.235;1.483;1.364;1.39;1.342;1.311;1.431;1.617;2.802;0.873;0.998;1.38;0.634;1.032;1.599;1.136;1.4;1.575;1.176;1.182;0.973;0.78;1.406
40298;0.900622726;2.563472708;1.253746571;1.666342484;1.201368977;1.311194065;0.939842964;1.320615067;1.582170754;1.239833387;1.535404087;1.350008618;1.400684328;1.318087456;1.233411425;1.392332907;1.66864092;2.680910945;1.001720718;1.083729016;1.414342484;0.660202043;1.106027132;1.739422601;1.226816791;1.428491542;1.727124485;1.206526652;1.22753559;1.090018834;0.859114908;1.495290458
40329;0.886377274;2.392527292;1.421253429;1.732657516;1.298631023;1.500805935;1.090157036;1.501384933;0.761829246;1.249166613;1.636595913;1.322991382;1.421315672;1.271912544;1.083588575;1.317667093;1.76835908;2.447089055;1.250279282;1.249270984;1.480657516;0.710797957;1.248972868;2.010577399;1.402183209;1.483508458;2.020875515;1.265473348;1.31546441;1.315981166;1.011885092;1.667709542
40359;0.879;2.304;1.508;1.767;1.349;1.599;1.168;1.595;0.337;1.254;1.689;1.309;1.432;1.248;1.006;1.279;1.82;2.326;1.379;1.335;1.515;0.737;1.323;2.151;1.493;1.512;2.173;1.296;1.361;1.433;1.091;1.757
40390;0.872925626;2.159799648;1.424279283;1.692786998;1.272145966;1.504979257;1.104087023;1.515769037;0.595557042;1.193784468;1.554571466;1.318771819;1.364917785;1.250112826;1.001246142;1.242553757;1.687156086;2.181007338;1.297920315;1.339225651;1.438938276;0.697120415;1.243240831;2.053281812;1.421163927;1.478194789;2.016386797;1.235520365;1.316102454;1.374633191;1.051912725;1.653999748
40421;0.861741966;1.894309279;1.27013927;1.556151845;1.130648352;1.331875647;0.986415468;1.369895208;1.07159197;1.082920358;1.307072204;1.336762924;1.241411276;1.254002794;0.992493713;1.175451796;1.442574299;1.914058231;1.148642763;1.347005589;1.2988994;0.623697255;1.09639451;1.873370757;1.288904989;1.415955289;1.728042862;1.124170009;1.233440618;1.267172803;0.979948303;1.464363771
40451;0.856;1.758;1.191;1.486;1.058;1.243;0.926;1.295;1.316;1.026;1.18;1.346;1.178;1.256;0.988;1.141;1.317;1.777;1.072;1.351;1.227;0.586;1.021;1.781;1.221;1.384;1.58;1.067;1.191;1.212;0.943;1.367
40482;0.824835821;1.725779408;1.211071844;1.432387048;1.063546167;1.247225651;0.917284594;1.282058943;1.23782545;1.042902605;1.236253984;1.259902354;1.154758918;1.293502656;0.971889704;1.134925626;1.366915507;1.826123197;1.026046042;1.355753858;1.222246142;0.544799899;1.0785745;1.776510245;1.208323046;1.366569188;1.606410321;1.069112826;1.138707565;1.174497344;0.891763977;1.387335947
40512;0.769164179;1.668220592;1.246928156;1.336612952;1.073453833;1.254774349;0.901715406;1.258941057;1.09817455;1.073097395;1.336746016;1.106097646;1.113241082;1.360497344;0.943110296;1.124074374;1.456084493;1.913876803;0.943953958;1.364246142;1.213753858;0.471200101;1.1814255;1.768489755;1.185676954;1.335430812;1.653589679;1.072887174;1.045292435;1.107502656;0.800236023;1.423664053
40543;0.738;1.636;1.267;1.283;1.079;1.259;0.893;1.246;1.02;1.09;1.393;1.02;1.09;1.398;0.927;1.118;1.506;1.963;0.898;1.369;1.209;0.43;1.239;1.764;1.173;1.318;1.68;1.075;0.993;1.07;0.749;1.444
40574;0.774467907;1.619274118;1.220661081;1.297532324;1.062822508;1.176467369;0.866951495;1.215015989;0.834644324;1.048322392;1.357628872;0.928967331;1.048870782;1.298193097;0.900403106;1.075499808;1.399886617;1.907612653;0.875790222;1.29222546;1.165677224;0.414096702;1.158386733;1.708886848;1.148048274;1.286741794;1.668483819;1.01029003;1.021790453;1.052451534;0.752016143;1.402596587
40602;0.834532093;1.591725882;1.144338919;1.321467676;1.036177492;1.040532631;0.824048505;1.163984011;0.529355676;0.979677608;1.299371128;0.779032669;0.981129218;1.133806903;0.856596894;1.005500192;1.225113383;1.816387347;0.839209778;1.16577454;1.094322776;0.387903298;1.025613267;1.618113152;1.106951726;1.235258206;1.649516181;0.90370997;1.069209547;1.023548466;0.756983857;1.334403413
40633;0.871;1.575;1.098;1.336;1.02;0.958;0.798;1.133;0.344;0.938;1.264;0.688;0.94;1.034;0.83;0.963;1.119;1.761;0.817;1.089;1.051;0.372;0.945;1.563;1.082;1.204;1.638;0.839;1.098;1.006;0.76;1.293
40663;0.811981805;1.573728056;1.134123205;1.32353495;1.021271944;0.983693266;0.820386212;1.159456432;0.513422921;0.962675711;1.261201724;0.79357134;0.980193426;1.062491542;0.837631663;0.997596873;1.217194065;1.658481326;0.867368977;1.063815512;1.076693266;0.379377274;0.928719119;1.606246091;1.101842324;1.210868497;1.668272264;0.861131823;1.047122246;1.049246091;0.764324609;1.283842004
40694;0.698018195;1.571271944;1.203876795;1.29946505;1.023728056;1.033306734;0.863613788;1.210543568;0.840577079;1.010324289;1.255798276;0.99742866;1.057806574;1.117508458;0.852368337;1.064403127;1.406805935;1.460518674;0.964631023;1.015184488;1.126306734;0.393622726;0.897280881;1.689753909;1.140157676;1.224131503;1.726727736;0.903868177;0.948877754;1.132753909;0.772675391;1.266157996
40724;0.639;1.57;1.24;1.287;1.025;1.059;0.886;1.237;1.01;1.035;1.253;1.103;1.098;1.146;0.86;1.099;1.505;1.358;1.015;0.99;1.152;0.401;0.881;1.733;1.16;1.231;1.757;0.926;0.898;1.176;0.777;1.257
40755;0.72377713;1.498692133;1.242905135;1.271682014;1.048505186;1.078543638;0.903430812;1.243074374;1.015546167;1.004628131;1.313479635;1.069722996;1.059176828;1.013684292;0.885089805;1.045387048;1.467233241;1.557397923;1.027941057;1.098282316;1.141171768;0.477589931;1.028897797;1.737225651;1.171092335;1.222284594;1.73560764;0.965087275;0.939728307;1.197920566;0.786507716;1.261225651
40786;0.879862127;1.367405688;1.248253842;1.24347974;1.091781088;1.114525849;0.935523054;1.254258034;1.025757335;0.94870983;1.424829991;1.008455988;0.987698652;0.770074998;0.931283184;0.946679091;1.397700049;1.924513726;1.051767116;1.297643215;1.121235678;0.618601299;1.301195611;1.745005589;1.191514671;1.206238473;1.696221706;1.037051697;1.01655519;1.238278992;0.804012575;1.269005589
40816;0.96;1.3;1.251;1.229;1.114;1.133;0.952;1.26;1.031;0.92;1.482;0.977;0.951;0.645;0.955;0.896;1.362;2.113;1.064;1.4;1.111;0.691;1.441;1.749;1.202;1.198;1.676;1.074;1.056;1.259;0.813;1.273
40847;0.90401012;1.434428534;1.246774349;1.244582089;1.162066784;1.149374399;0.936682014;1.26079231;1.029943587;0.94139236;1.501543638;1.08977207;0.991407791;0.681974449;0.985635972;0.944594991;1.411651403;2.166877055;1.025176828;1.472364279;1.138730837;0.627879333;1.3422254;1.751641032;1.209130787;1.26217708;1.68260258;1.07479231;1.074487225;1.219648622;0.79979484;1.274320516
40877;0.80398988;1.674571466;1.239225651;1.272417911;1.247933216;1.178625601;0.909317986;1.26220769;1.028056413;0.97960764;1.536456362;1.29122793;1.063592209;0.748025551;1.040364028;1.031405009;1.500348597;2.263122945;0.955823172;1.601635721;1.188269163;0.515120667;1.1657746;1.756358968;1.221869213;1.37682292;1.69439742;1.07620769;1.107512775;1.149351378;0.77620516;1.276679484
40908;0.748;1.809;1.235;1.288;1.296;1.195;0.894;1.263;1.027;1.001;1.556;1.404;1.104;0.785;1.071;1.08;1.55;2.317;0.917;1.674;1.216;0.452;1.067;1.759;1.229;1.441;1.701;1.077;1.126;1.11;0.763;1.278
40939;0.867740668;1.95053616;1.354740668;1.385407015;1.395290576;1.301824821;1.030692718;1.411801325;1.500581069;1.08925829;1.629997042;1.370095901;1.166964756;0.951022454;1.126161431;1.084305282;1.576369855;2.382117397;1.046427554;1.816612481;1.298338527;0.599186844;1.10171134;1.943319905;1.353315031;1.58092168;2.082286577;1.183555741;1.185735794;1.26768097;0.864712298;1.463934386
40968;1.073259332;2.19346384;1.560259332;1.552592985;1.565709424;1.485175179;1.265307282;1.667198675;2.313418931;1.24074171;1.757002958;1.311904099;1.275035244;1.235977546;1.220838569;1.091694718;1.621630145;2.493882603;1.268572446;2.061387519;1.439661473;0.851813156;1.16128866;2.259680095;1.566684969;1.82107832;2.736713423;1.366444259;1.288264206;1.53831903;1.039287702;1.783065614
40999;1.193;2.335;1.68;1.65;1.665;1.592;1.402;1.816;2.787;1.329;1.831;1.278;1.338;1.402;1.276;1.096;1.648;2.559;1.398;2.204;1.522;0.999;1.196;2.444;1.691;1.961;3.118;1.473;1.348;1.696;1.141;1.969
41029;1.173412065;2.384351421;1.665754229;1.625833067;1.599367697;1.54849952;1.324411425;1.771227576;2.272880295;1.329508778;1.847026493;1.383062562;1.344359719;1.372236514;1.277271944;1.069543568;1.720246411;2.42035812;1.375868177;2.013208422;1.511061283;0.934639641;1.2685008;2.40889435;1.662254069;1.905034471;2.907874876;1.417543248;1.382088095;1.670052345;1.121412065;1.903622086
41060;1.135587935;2.479648579;1.638245771;1.579166933;1.472632303;1.46450048;1.174588575;1.684772424;1.280119705;1.330491222;1.877973507;1.585937438;1.356640281;1.314763486;1.279728056;1.018456432;1.859753589;2.15264188;1.333131823;1.644791578;1.489938717;0.810360359;1.4084992;2.34110565;1.606745931;1.796965529;2.502125124;1.310456752;1.447911905;1.619947655;1.083587935;1.777377914
41090;1.116;2.529;1.624;1.555;1.407;1.421;1.097;1.64;0.766;1.331;1.894;1.691;1.363;1.285;1.281;0.992;1.932;2.014;1.311;1.454;1.479;0.746;1.481;2.306;1.578;1.741;2.292;1.255;1.482;1.594;1.064;1.712
41121;1.059481913;2.420717684;1.673915507;1.557905135;1.38560764;1.444769289;1.124466734;1.66139236;1.054664808;1.293497344;1.881323046;1.513522643;1.361151278;1.36396686;1.26700253;1.023956488;1.950487225;2.278367313;1.330015431;1.557792561;1.485074374;0.796971919;1.367699723;2.352482165;1.588564128;1.76899494;2.265853782;1.299105236;1.401976728;1.674551479;1.08539236;1.751879585
41152;0.955425249;2.221356785;1.765816019;1.563253842;1.346221706;1.488531437;1.175036328;1.700778294;1.586131791;1.224450399;1.857983233;1.186765267;1.357747555;1.509354442;1.241231487;1.082792266;1.984524451;2.765099655;1.36502515;1.748887277;1.496258034;0.890817416;1.159100148;2.438061478;1.608013972;1.820537026;2.217715419;1.380308334;1.25464416;1.822856538;1.124778294;1.825302745
41182;0.902;2.119;1.813;1.566;1.326;1.511;1.201;1.721;1.859;1.189;1.846;1.019;1.356;1.584;1.228;1.113;2.002;3.015;1.383;1.847;1.502;0.939;1.052;2.482;1.618;1.847;2.193;1.422;1.179;1.899;1.145;1.863
41213;1.032466985;2.156238553;1.756481913;1.599541108;1.435074626;1.505717936;1.191492284;1.707530736;1.97995927;1.264797621;1.925759169;1.234772322;1.34939742;1.516653682;1.255202631;1.122771819;2.012300025;2.750368584;1.301920315;2.092087778;1.517053883;0.924738427;1.074976979;2.478038452;1.614302555;1.830625601;2.17979484;1.39400506;1.198543638;1.841953707;1.132323046;1.879110296
41243;1.265533015;2.222761447;1.655518087;1.659458892;1.629925374;1.496282064;1.174507716;1.683469264;2.19604073;1.400202379;2.068240831;1.620227678;1.33760258;1.396346318;1.303797369;1.140228181;2.030699975;2.277631416;1.157079685;2.529912222;1.543946117;0.899261573;1.116023021;2.470961548;1.607697445;1.801374399;2.15620516;1.34399494;1.233456362;1.740046293;1.109676954;1.907889704
41274;1.396;2.26;1.599;1.693;1.739;1.491;1.165;1.67;2.317;1.476;2.148;1.836;1.331;1.329;1.331;1.15;2.041;2.013;1.076;2.775;1.559;0.885;1.139;2.467;1.604;1.785;2.143;1.316;1.253;1.683;1.097;1.924
41305;1.312644785;2.267951649;1.615725882;1.652144977;1.628499501;1.440822354;1.14608056;1.654096702;2.108337767;1.467499962;2.146080636;1.675870244;1.314274118;1.286225613;1.319483819;1.16261296;1.95737059;2.101290722;1.098483973;2.613225075;1.528564379;0.838386886;1.228661695;2.412709432;1.591935429;1.747983704;2.221145514;1.299548313;1.220645015;1.65722569;1.090419325;1.877386886
41333;1.175355215;2.281048351;1.643274118;1.584855023;1.446500499;1.358177646;1.11491944;1.627903298;1.764662233;1.453500038;2.142919364;1.412129756;1.286725882;1.215774387;1.300516181;1.18338704;1.81962941;2.246709278;1.135516027;2.346774925;1.478435621;0.761613114;1.376338305;2.323290568;1.572064571;1.687016296;2.349854486;1.272451687;1.167354985;1.61477431;1.079580675;1.800613114
41364;1.092;2.289;1.66;1.544;1.336;1.308;1.096;1.612;1.556;1.445;2.141;1.252;1.27;1.173;1.289;1.196;1.736;2.335;1.158;2.185;1.448;0.715;1.466;2.269;1.56;1.65;2.428;1.256;1.135;1.589;1.073;1.754
41394;1.065543568;2.168674112;1.663307054;1.564859879;1.390439197;1.341579318;1.111263326;1.636930099;1.661062562;1.449578998;2.087069581;1.225543568;1.299763486;1.176561443;1.331228536;1.244079478;1.836992342;2.157691027;1.190816151;2.138955633;1.470640601;0.716017555;1.471087775;2.333360359;1.59307054;1.665263326;2.396201404;1.264140441;1.188167253;1.607315991;1.074780721;1.767736994
41425;1.014456432;1.936325888;1.669692946;1.605140121;1.495560803;1.406420682;1.140736674;1.685069901;1.863937438;1.458421002;1.982930419;1.174456432;1.357236514;1.183438557;1.412771464;1.336920522;2.032007658;1.815308973;1.254183849;2.050044367;1.514359399;0.717982445;1.480912225;2.457639641;1.65692946;1.694736674;2.334798596;1.279859559;1.290832747;1.642684009;1.078219279;1.794263006
41455;0.988;1.816;1.673;1.626;1.55;1.44;1.156;1.71;1.969;1.463;1.929;1.148;1.387;1.187;1.455;1.385;2.133;1.638;1.287;2.004;1.537;0.719;1.486;2.522;1.69;1.71;2.303;1.288;1.344;1.661;1.08;1.808
41486;0.95340248;1.868028332;1.703371869;1.618076904;1.55660258;1.478823172;1.167092335;1.717130787;1.775148244;1.388522895;1.941941057;1.163317986;1.397828232;1.289472045;1.462130787;1.287017709;1.997515054;2.024382996;1.322125727;2.209208194;1.534887174;0.749371869;1.452194789;2.532828232;1.692641032;1.680684544;2.223504934;1.336330887;1.285897294;1.7103873;1.141536048;1.803246142
41517;0.889704241;1.963818813;1.75929017;1.603489521;1.568758733;1.550301348;1.187514671;1.730259431;1.41824361;1.251401496;1.965767116;1.19152026;1.417764322;1.478135531;1.475259431;1.106620408;1.748070806;2.735761034;1.386796458;2.58702141;1.530997206;0.80529017;1.389955289;2.552764322;1.697503493;1.626711227;2.077144859;1.425313923;1.178923153;1.80131532;1.254831388;1.794493713
41547;0.857;2.013;1.788;1.596;1.575;1.587;1.198;1.737;1.235;1.181;1.978;1.206;1.428;1.575;1.482;1.014;1.62;3.101;1.42;2.781;1.529;0.834;1.358;2.563;1.7;1.599;2.002;1.471;1.124;1.848;1.313;1.79
41578;0.93596686;2.04838983;1.707448521;1.584115356;1.527989629;1.526520365;1.201961548;1.706628131;1.558262328;1.117351127;2.009692385;1.342013153;1.386271693;1.56100253;1.467474323;1.040674424;1.744128508;2.818673669;1.323074122;2.558360994;1.506551227;0.85618467;1.337664053;2.52100759;1.669892234;1.600056413;2.012300025;1.487374399;1.148297495;1.817099924;1.253576778;1.791320516
41608;1.07703314;2.11161017;1.563551479;1.562884644;1.444010371;1.418479635;1.209038452;1.652371869;2.135737672;1.003648873;2.066307615;1.584986847;1.311728307;1.53599747;1.441525677;1.088325576;1.965871492;2.314326331;1.149925878;2.160639006;1.466448773;0.89581533;1.301335947;2.44599241;1.616107766;1.601943587;2.030699975;1.516625601;1.191702505;1.761900076;1.147423222;1.793679484
41639;1.156;2.147;1.483;1.551;1.397;1.358;1.213;1.622;2.459;0.94;2.098;1.721;1.27;1.522;1.427;1.115;2.09;2.032;1.053;1.938;1.444;0.918;1.281;2.404;1.586;1.603;2.041;1.533;1.216;1.731;1.088;1.795
41670;1.103354601;2.009080022;1.40622546;1.482451303;1.337499731;1.291096472;1.147467446;1.564967484;2.257466831;0.947129064;2.004225383;1.598709125;1.213515874;1.372838036;1.34967707;1.116919364;1.902176571;2.077790529;1.04614513;1.862596433;1.374628719;0.882628872;1.327887309;2.326402875;1.532257822;1.53253194;2.005354678;1.415918826;1.183645015;1.684661081;1.043854639;1.684773695
41698;1.016645399;1.781919978;1.27977454;1.369548697;1.239500269;1.180903528;1.039532554;1.471032516;1.925533169;0.958870936;1.849774617;1.397290875;1.120484126;1.127161964;1.22232293;1.120080636;1.592823429;2.153209471;1.03485487;1.738403567;1.260371281;0.824371128;1.405112691;2.198597125;1.443742178;1.41646806;1.946645322;1.223081174;1.130354985;1.608338919;0.971145361;1.503226305
41729;0.964;1.644;1.203;1.301;1.18;1.114;0.974;1.414;1.724;0.966;1.756;1.275;1.064;0.978;1.145;1.122;1.405;2.199;1.028;1.663;1.191;0.789;1.452;2.121;1.39;1.346;1.911;1.106;1.098;1.562;0.927;1.393
41759;0.894551866;1.677324929;1.265325249;1.350860199;1.197044048;1.155719758;0.981886052;1.453684648;1.735701883;0.899350142;1.81807086;1.233789019;1.106991702;1.005473987;1.155175551;1.108263006;1.520238113;1.996760928;1.068702203;1.932397708;1.227377594;0.849798916;1.454543888;2.194518355;1.43146537;1.370930099;1.951956592;1.172904247;1.101561443;1.573701883;0.971518035;1.421745931
41790;0.760448134;1.741675071;1.385674751;1.447139801;1.229955952;1.236280242;0.997113948;1.530315352;1.758298117;0.770649858;1.93792914;1.154210981;1.190008298;1.058526013;1.174824449;1.081736994;1.742761887;1.606239072;1.147297797;2.452602292;1.297622406;0.967201084;1.459456112;2.336481645;1.51153463;1.419069901;2.031043408;1.302095753;1.108438557;1.596298117;1.057481965;1.477254069
41820;0.691;1.775;1.448;1.497;1.247;1.278;1.005;1.57;1.77;0.704;2;1.113;1.233;1.086;1.185;1.068;1.858;1.404;1.188;2.722;1.334;1.028;1.462;2.41;1.553;1.444;2.072;1.369;1.112;1.608;1.102;1.506
41851;0.678323046;1.706069062;1.459884644;1.430445991;1.285559069;1.280905135;0.998133317;1.545702505;2.019577533;0.737012901;1.916807489;1.099530736;1.215569188;1.1435745;1.15040248;1.026799899;1.790653682;1.591249176;1.202261573;2.52946876;1.315248672;1.019812801;1.485241082;2.368799899;1.518666583;1.393556287;1.983525425;1.329912725;1.069479383;1.629656463;1.09539742;1.50679231
41882;0.654983233;1.579158831;1.481765719;1.307911975;1.356550999;1.286253842;0.985490918;1.500967864;2.479080094;0.797793663;1.763639969;1.074732185;1.183476946;1.249576149;1.086704241;0.950945508;1.666660927;1.935997658;1.228518862;2.174995356;1.280725199;1.004739172;1.528030739;2.292945508;1.45545459;1.300683283;1.820632983;1.257948303;0.991193762;1.669528643;1.083241267;1.508251048
41912;0.643;1.514;1.493;1.245;1.393;1.289;0.979;1.478;2.715;0.829;1.685;1.062;1.167;1.304;1.054;0.912;1.603;2.113;1.242;1.993;1.263;0.997;1.55;2.254;1.423;1.253;1.737;1.221;0.951;1.69;1.077;1.509
41943;0.757092587;1.743505689;1.512279534;1.322910447;1.381907665;1.308807741;1.001712876;1.514710346;2.47387377;0.871520617;1.753666834;1.180318238;1.169376929;1.198094613;1.088069314;0.952407791;1.616469264;2.166877055;1.226153807;2.054800151;1.293371869;1.040312926;1.487407539;2.341682266;1.460766759;1.275448773;1.796159119;1.236317986;1.012007841;1.747046293;1.082810271;1.519564128
41973;0.960907413;2.153494311;1.546720466;1.462089553;1.362092335;1.344192259;1.042287124;1.580289654;2.04312623;0.947479383;1.876333166;1.391681762;1.173623071;1.008905387;1.148930686;1.024592209;1.640530736;2.263122945;1.197846193;2.165199849;1.347628131;1.117687074;1.375592461;2.498317734;1.528233241;1.315551227;1.901840881;1.263682014;1.120992159;1.848953707;1.093189729;1.538435872
42004;1.075;2.383;1.566;1.54;1.351;1.364;1.065;1.617;1.802;0.99;1.945;1.51;1.176;0.903;1.183;1.065;1.654;2.317;1.182;2.227;1.378;1.161;1.313;2.586;1.566;1.338;1.961;1.279;1.182;1.906;1.099;1.549
42035;0.983967331;2.17625713;1.496902914;1.491193328;1.324951495;1.278451226;1.033467599;1.540773849;1.565369898;0.879773695;1.793918672;1.341096011;1.114580368;0.865161119;1.081273734;0.970676993;1.527047813;2.14919279;1.145806288;1.959385888;1.297386733;1.156887078;1.192080099;2.431628335;1.482918979;1.304548236;1.953596741;1.193999616;1.122499731;1.811402798;1.048548159;1.495806211
42063;0.834032669;1.83574287;1.383097086;1.410806672;1.282048505;1.137548774;0.981532401;1.415226151;1.175630102;0.698226305;1.545081328;1.062903989;1.013419632;0.802838881;0.913726266;0.815323007;1.317952187;1.87280721;1.086193712;1.518614112;1.164613267;1.150112922;0.992919901;2.177371665;1.346081021;1.249451764;1.941403259;1.054000384;1.024500269;1.655597202;0.965451841;1.408193789
42094;0.743;1.629;1.314;1.362;1.256;1.052;0.95;1.339;0.939;0.588;1.394;0.894;0.952;0.765;0.812;0.721;1.191;1.705;1.05;1.251;1.084;1.146;0.872;2.023;1.263;1.216;1.934;0.969;0.965;1.561;0.915;1.355
42124;0.749614108;1.661052985;1.364623365;1.33096457;1.258289499;1.063447495;0.958394829;1.355280881;1.060089055;0.700948614;1.51610661;0.825569421;0.956324609;0.79807054;0.889334186;0.735245771;1.286395789;1.731202043;1.090447814;1.360387171;1.108166933;1.068920203;0.859026173;2.044114268;1.28157038;1.210149058;1.918736674;1.005886372;1.02503575;1.574991382;0.931280881;1.36110533
42155;0.762385892;1.722947015;1.462376635;1.27103543;1.262710501;1.085552505;0.974605171;1.386719119;1.293910945;0.919051386;1.75189339;0.693430579;0.964675391;0.86192946;1.038665814;0.762754229;1.470604211;1.781797957;1.168552186;1.571612829;1.154833067;0.920079797;0.833973827;2.084885732;1.31742962;1.198850942;1.889263326;1.077113628;1.14096425;1.602008618;0.962719119;1.37289467
42185;0.769;1.755;1.513;1.24;1.265;1.097;0.983;1.403;1.415;1.032;1.874;0.625;0.969;0.895;1.116;0.777;1.566;1.808;1.209;1.681;1.179;0.843;0.821;2.106;1.336;1.193;1.874;1.114;1.201;1.616;0.979;1.379
42216;0.696107514;1.749189729;1.407622819;1.202233241;1.164112574;1.077192259;0.949194789;1.355197319;1.171496841;0.906815079;1.750399698;0.720869465;0.938628131;0.824484443;1.078761447;0.795487225;1.416517583;1.811169239;1.175458892;1.552381737;1.125651152;0.84220769;0.775574248;2.058725525;1.292687074;1.147574248;1.787902354;1.10079484;1.153197319;1.55182292;0.940969138;1.34361017
42247;0.561903592;1.738492315;1.213610627;1.132700049;0.978366565;1.040723802;0.886955289;1.267186776;0.72317794;0.676334429;1.522836525;0.897376798;0.88270983;0.694656735;1.010200748;0.829524451;1.141302293;1.817004192;1.113705638;1.315579888;1.02742944;0.840748952;0.691939919;1.971687474;1.212942714;1.063939919;1.629386126;1.076482535;1.065186776;1.433665119;0.8709497;1.278453193
42277;0.493;1.733;1.114;1.097;0.883;1.022;0.855;1.222;0.493;0.558;1.406;0.988;0.854;0.628;0.975;0.847;1;1.82;1.082;1.194;0.977;0.84;0.649;1.927;1.172;1.021;1.548;1.064;1.02;1.373;0.835;1.245
42308;0.566420692;1.593289402;1.083099924;1.097;0.89620516;1.007738427;0.846548697;1.214341007;0.893644569;0.558528206;1.375364028;0.954458892;0.865884644;0.619020491;0.894976728;0.767769037;1.067610422;1.615055909;1.041592209;1.253159119;0.967228181;0.864297495;0.800331139;1.910361498;1.169358968;1.039751328;1.538756388;1.012499874;0.993325576;1.393335947;0.832358968;1.228889704
42338;0.697579308;1.343710598;1.027900076;1.097;0.91979484;0.982261573;0.831451303;1.200658993;1.609355431;0.559471794;1.320635972;0.894541108;0.887115356;0.602979509;0.752023272;0.626230963;1.188389578;1.248944091;0.969407791;1.358840881;0.949771819;0.907702505;1.070668861;1.880638502;1.164641032;1.073248672;1.522243612;0.920500126;0.945674424;1.429664053;0.827641032;1.200110296
42369;0.771;1.204;0.997;1.097;0.933;0.968;0.823;1.193;2.01;0.56;1.29;0.861;0.899;0.594;0.672;0.547;1.256;1.044;0.929;1.418;0.94;0.932;1.222;1.864;1.162;1.092;1.513;0.869;0.919;1.45;0.825;1.184
42400;0.680319988;1.111974588;0.991887477;1.036726046;0.878914889;0.942437385;0.795284744;1.144027412;1.469148892;0.564305282;1.276276912;0.861;0.839264206;0.680105649;0.684108607;0.583056741;1.196802366;1.069293534;0.925771038;1.460514664;0.908248542;0.80903037;1.02772413;1.760135061;1.121637977;1.015581237;1.469409015;0.849895309;0.879176137;1.367123313;0.790826821;1.146866939
42429;0.524680012;0.954025412;0.983112523;0.933273954;0.786085111;0.898562615;0.747715256;1.059972588;0.540851108;0.571694718;1.252723088;0.861;0.736735794;0.827894351;0.704891393;0.644943259;1.095197634;1.112706466;0.920228962;1.533485336;0.853751458;0.59796963;0.69427587;1.581864939;1.052362023;0.884418763;1.394590985;0.817104691;0.810823863;1.224876687;0.732173179;1.083133061
42460;0.434;0.862;0.978;0.873;0.732;0.873;0.72;1.011;-4.44089E-16;0.576;1.239;0.861;0.677;0.914;0.717;0.681;1.036;1.138;0.917;1.576;0.822;0.475;0.5;1.478;1.012;0.808;1.351;0.798;0.771;1.142;0.698;1.046
42490;0.563992662;0.956123845;1.017684648;0.983659115;0.848764446;0.911158316;0.736280881;1.041781041;0.261002878;0.560482285;1.23696489;1.055098632;0.722026812;0.951395149;0.773728696;0.764185128;1.122237793;1.283001599;0.908605171;1.527411745;0.881781361;0.58667667;0.714195345;1.518193426;1.053210981;0.832166933;1.355324609;0.799780721;0.838413024;1.148359719;0.723438877;1.066351102
42521;0.815007338;1.137876155;1.094315352;1.197340885;1.074235554;0.984841684;0.767719119;1.101218959;0.764997122;0.530517715;1.23303511;1.429901368;0.808973188;1.023604851;0.883271304;0.924814872;1.288762207;1.562998401;0.892394829;1.433588255;0.997218639;0.80232333;1.127804655;1.595806574;1.132789019;0.878833067;1.363675391;0.803219279;0.968586976;1.160640281;0.772561123;1.105648898
42551;0.945;1.232;1.134;1.308;1.191;1.023;0.784;1.132;1.026;0.515;1.231;1.624;0.854;1.061;0.94;1.008;1.375;1.708;0.884;1.385;1.057;0.914;1.342;1.636;1.174;0.903;1.368;0.805;1.036;1.167;0.798;1.126
42582;0.857317734;1.137451051;1.061107514;1.183343285;1.06924842;0.948786998;0.75521275;1.077330636;1.027320516;0.503643562;1.191120415;1.461576526;0.792992159;0.948492033;0.858920315;0.88624842;1.236081712;1.709056413;0.878717936;1.369417911;0.97222287;0.827374147;1.208099673;1.562579308;1.108238301;0.862328106;1.297748546;0.803415381;0.961522895;1.139269163;0.76340248;1.071330636
42613;0.695884031;0.963374949;0.926903592;0.953835128;0.84508897;0.812151845;0.702211926;0.976677694;1.029751747;0.48273498;1.117697255;1.162535177;0.68066931;0.741351196;0.709642763;0.66208897;0.980316265;1.711001397;0.868993014;1.340729391;0.816137873;0.667885428;0.961572902;1.427402893;0.987163023;0.787446207;1.168407085;0.800497904;0.824401496;1.088213323;0.699704241;0.970677694
42643;0.613;0.874;0.858;0.836;0.73;0.742;0.675;0.925;1.031;0.472;1.08;1.009;0.623;0.635;0.633;0.547;0.849;1.712;0.864;1.326;0.736;0.586;0.835;1.358;0.925;0.749;1.102;0.799;0.754;1.062;0.667;0.919
42674;0.564669113;0.873471794;0.888900076;0.86478725;0.766710346;0.753620541;0.679489755;0.927641032;0.894194537;0.505277004;1.096374399;1.024317986;0.64360005;0.589046042;0.67578472;0.583974449;0.884653933;1.500717432;0.827289654;1.330489755;0.757920566;0.614259043;0.868012901;1.364074374;0.929489755;0.752961548;1.117582089;0.806130787;0.722307615;1.045625601;0.670433342;0.946202631
42704;0.478330887;0.872528206;0.944099924;0.91621275;0.832289654;0.774379459;0.687510245;0.932358968;0.649805463;0.564722996;1.125625601;1.051682014;0.68039995;0.506953958;0.75221528;0.650025551;0.948346067;1.123282568;0.761710346;1.338510245;0.797079434;0.664740957;0.926987099;1.374925626;0.937510245;0.760038452;1.145417911;0.818869213;0.665692385;1.016374399;0.676566658;0.994797369
42735;0.43;0.872;0.975;0.945;0.869;0.786;0.692;0.935;0.513;0.598;1.142;1.067;0.701;0.461;0.795;0.687;0.984;0.912;0.725;1.343;0.819;0.693;0.96;1.381;0.942;0.764;1.161;0.826;0.634;1;0.68;1.022
42766;0.472774387;0.83937082;0.922080406;0.901951418;0.787564148;0.737741717;0.668967638;0.911693443;0.668742639;0.539048121;1.062483512;0.953483358;0.679064417;0.506516335;0.850661542;0.642032055;0.954386963;1.307388883;0.727467753;1.182870244;0.779790145;0.675451534;0.930661158;1.338499808;0.91622569;0.733564379;1.183758167;0.810370897;0.656483973;0.978612807;0.662725728;0.980048198
42794;0.543225613;0.78562918;0.834919594;0.831048582;0.653435852;0.658258283;0.631032362;0.873306557;0.925257361;0.441951879;0.931516488;0.766516642;0.642935583;0.581483665;0.942338458;0.567967945;0.905613037;1.958611117;0.731532247;0.919129756;0.715209855;0.646548466;0.882338842;1.268500192;0.87377431;0.683435621;1.221241833;0.784629103;0.693516027;0.943387193;0.634274272;0.910951802
42825;0.586;0.753;0.782;0.788;0.572;0.61;0.608;0.85;1.081;0.383;0.852;0.653;0.621;0.627;0.998;0.523;0.876;2.354;0.734;0.759;0.676;0.629;0.853;1.226;0.848;0.653;1.244;0.769;0.716;0.922;0.617;0.869
42855;0.616017875;0.780728376;0.805912544;0.836842644;0.592859879;0.603131503;0.598842004;0.842877114;0.806005739;0.402079158;0.867517715;0.604920522;0.618456112;0.635140441;0.916341205;0.495017235;0.837841684;2.051022975;0.728912225;0.83557102;0.68007022;0.643754549;0.858087775;1.210736674;0.845456112;0.664956272;1.201008298;0.72753463;0.690815512;0.919456112;0.613692946;0.847376955
42886;0.673982125;0.834271624;0.852087456;0.931157356;0.633140121;0.589868497;0.581157996;0.829122886;0.274994261;0.438920842;0.897482285;0.512079478;0.613543888;0.650859559;0.758658795;0.440982765;0.764158316;1.465977025;0.719087775;0.98342898;0.68792978;0.672245451;0.867912225;1.181263326;0.840543888;0.688043728;1.117991702;0.64746537;0.642184488;0.914543888;0.607307054;0.805623045
42916;0.704;0.862;0.876;0.98;0.654;0.583;0.572;0.822;2.22045E-16;0.458;0.913;0.464;0.611;0.659;0.677;0.413;0.726;1.163;0.714;1.06;0.692;0.687;0.873;1.166;0.838;0.7;1.075;0.606;0.617;0.912;0.604;0.784
42947;0.631107514;0.772997218;0.850117885;0.925594739;0.635776879;0.584848722;0.559851252;0.794269163;0.273610925;0.433702505;0.897682014;0.501766759;0.562933216;0.649492284;0.677;0.421979509;0.713851252;1.100935746;0.69921022;1.084297495;0.666646092;0.687;0.863492284;1.122158867;0.806571718;0.673325576;1.034064003;0.597284594;0.654502656;0.866310145;0.588682014;0.79139489
42978;0.496903592;0.609132284;0.802465768;0.825428043;0.602225898;0.588252445;0.537483932;0.743213323;0.77736188;0.388967864;0.86947974;0.571299951;0.474436426;0.631987425;0.677;0.438511876;0.691483932;0.986667913;0.671980439;1.129032136;0.619966467;0.687;0.845987425;1.041442015;0.748708433;0.62421472;0.958695858;0.581238473;0.723549601;0.78218957;0.56047974;0.805009781
43008;0.428;0.525;0.778;0.774;0.585;0.59;0.526;0.717;1.036;0.366;0.855;0.607;0.429;0.623;0.677;0.447;0.68;0.928;0.658;1.152;0.596;0.687;0.837;1;0.719;0.599;0.92;0.573;0.759;0.739;0.546;0.812
43039;0.485046293;0.564879585;0.78539489;0.780866683;0.595564128;0.592641032;0.529961548;0.730733367;0.762389075;0.382902605;0.907820642;0.533315205;0.455410321;0.605833291;0.657192259;0.471561598;0.717238553;0.954674424;0.642946117;1.095481913;0.611317986;0.678812801;0.755392108;1.030900076;0.73378978;0.616166709;0.93399747;0.605484695;0.720176828;0.765146218;0.559469264;0.836825702
43069;0.586953707;0.636120415;0.79860511;0.793133317;0.614435872;0.597358968;0.537038452;0.755266633;0.273610925;0.413097395;1.002179358;0.401684795;0.502589679;0.575166709;0.621807741;0.515438402;0.783761447;1.002325576;0.616053883;0.994518087;0.638682014;0.664187199;0.609607892;1.086099924;0.76021022;0.646833291;0.95900253;0.663515305;0.650823172;0.811853782;0.583530736;0.881174298
43100;0.644;0.676;0.806;0.8;0.625;0.6;0.541;0.769;2.22045E-16;0.43;1.055;0.328;0.529;0.558;0.602;0.54;0.821;1.029;0.601;0.938;0.654;0.656;0.528;1.117;0.775;0.664;0.973;0.696;0.612;0.838;0.597;0.906
43131;0.602596587;0.654064417;0.789822508;0.809871012;0.61183865;0.597532247;0.548403259;0.767354831;0;0.41683865;1.014967561;0.443161811;0.517483819;0.567048428;0.556209471;0.523548313;0.776580444;0.966757783;0.614435545;1.039726266;0.642758014;0.630499885;0.645629564;1.096435391;0.778016143;0.67030648;1.007548543;0.656790145;0.575532093;0.826209624;0.584935429;0.892564455
43159;0.534403413;0.617935583;0.763177492;0.826128988;0.59016135;0.593467753;0.560596741;0.764645169;0;0.39516135;0.949032439;0.632838189;0.498516181;0.581951572;0.480790529;0.496451687;0.703419556;0.864242217;0.636564455;1.207273734;0.624241986;0.588500115;0.839370436;1.062564609;0.782983857;0.68069352;1.064451457;0.592209855;0.515467907;0.806790376;0.565064571;0.870435545
43190;0.493;0.596;0.747;0.836;0.577;0.591;0.568;0.763;0;0.382;0.909;0.748;0.487;0.591;0.435;0.48;0.659;0.802;0.65;1.309;0.613;0.563;0.957;1.042;0.786;0.687;1.099;0.553;0.479;0.795;0.553;0.857
43220;0.563211301;0.747361318;0.777781041;0.862710821;0.574710501;0.608044048;0.577666773;0.79200032;0.408039588;0.416088095;0.872113628;0.724087456;0.521596873;0.590745611;0.458403767;0.478219279;0.709877754;0.917492502;0.667552825;1.2138586;0.637421322;0.546973507;0.907902967;1.0895707;0.835860199;0.709894989;1.101543888;0.556815832;0.507491542;0.810517715;0.575640601;0.893886372
43251;0.698788699;1.039638682;0.837218959;0.914289179;0.570289499;0.640955952;0.596333227;0.84799968;1.195960412;0.481911905;0.800886372;0.677912544;0.588403127;0.590254389;0.503596233;0.474780721;0.808122246;1.140507498;0.701447175;1.0301414;0.684578678;0.516026493;0.813097033;1.1814293;0.932139801;0.754105011;1.106456112;0.564184168;0.562508458;0.840482285;0.619359399;0.965113628
43281;0.769;1.191;0.868;0.941;0.568;0.658;0.606;0.877;1.604;0.516;0.764;0.654;0.623;0.59;0.527;0.473;0.859;1.256;0.719;0.935;0.709;0.5;0.764;1.229;0.982;0.777;1.109;0.568;0.591;0.856;0.642;1.002
43312;0.671545916;1.104110044;0.803558817;0.906138376;0.615274475;0.614951177;0.572987099;0.816520365;1.458479132;0.492758918;0.740758918;0.617553757;0.576253732;0.518163927;0.515379459;0.452928156;0.801689604;1.225364028;0.693381989;0.81324842;0.669384519;0.438728055;0.812859094;1.15082545;0.896694663;0.717840881;1.02263825;0.583846193;0.564589679;0.804235771;0.588915255;0.926994689
43343;0.492121106;0.944135078;0.684914769;0.841953892;0.702312526;0.535693063;0.512206337;0.705170009;1.190557533;0.449969261;0.697969261;0.550451796;0.490188173;0.385904989;0.493984631;0.415973453;0.696174201;1.168959481;0.646216117;0.58908897;0.596447604;0.325918961;0.902814622;1.006896606;0.739637174;0.608921756;0.863635777;0.613020958;0.515965069;0.708931536;0.49117979;0.788900797
43373;0.4;0.862;0.624;0.809;0.747;0.495;0.481;0.648;1.053;0.428;0.676;0.516;0.446;0.318;0.483;0.397;0.642;1.14;0.622;0.474;0.559;0.268;0.949;0.933;0.659;0.553;0.782;0.628;0.491;0.66;0.441;0.718
43404;0.449123197;0.862528206;0.633243612;0.838579559;0.689689604;0.525107766;0.472548697;0.651961548;0.914609918;0.424038452;0.73938477;0.491966608;0.461053883;0.448731089;0.514428282;0.405451303;0.673692385;1.083481913;0.601928156;0.432535796;0.577487225;0.313953958;0.928664053;0.925076904;0.662169239;0.58178725;0.806561598;0.616907665;0.466966608;0.670564128;0.451564128;0.707964078
43434;0.536876803;0.863471794;0.649756388;0.891420441;0.587310396;0.578892234;0.457451303;0.659038452;0.667390082;0.416961548;0.85261523;0.449033392;0.487946117;0.682268911;0.570571718;0.420548697;0.730307615;0.982518087;0.566071844;0.358464204;0.610512775;0.396046042;0.892335947;0.910923096;0.667830761;0.63321275;0.850438402;0.597092335;0.424033392;0.689435872;0.470435872;0.690035922
43465;0.586;0.864;0.659;0.921;0.53;0.609;0.449;0.663;0.529;0.413;0.916;0.425;0.503;0.813;0.602;0.429;0.762;0.926;0.546;0.317;0.629;0.442;0.872;0.903;0.671;0.662;0.875;0.586;0.4;0.7;0.481;0.68
43496;0.543774003;0.83191921;0.67791944;0.871644938;0.520128988;0.574725652;0.454483896;0.655870936;0.67733938;0.403951572;0.884741794;0.34712868;0.477499885;0.69674141;0.56937082;0.410354754;0.733757937;0.923806442;0.54654839;0.577759243;0.60377408;0.469419479;0.823193328;0.885999923;0.665790299;0.660354831;0.905709816;0.573112845;0.408774233;0.666548236;0.474419325;0.672048351
43524;0.474225997;0.77908079;0.70908056;0.790355062;0.503871012;0.518274348;0.463516104;0.644129064;0.92166062;0.389048428;0.833258206;0.21887132;0.435500115;0.50525859;0.51562918;0.379645246;0.687242063;0.920193558;0.54745161;1.007240757;0.56222592;0.514580521;0.742806672;0.858000077;0.657209701;0.657645169;0.956290184;0.551887155;0.423225767;0.611451764;0.463580675;0.658951649
43555;0.432;0.747;0.728;0.741;0.494;0.484;0.469;0.637;1.07;0.38;0.802;0.141;0.41;0.389;0.483;0.361;0.659;0.918;0.548;1.268;0.537;0.542;0.694;0.841;0.652;0.656;0.987;0.539;0.432;0.578;0.457;0.651
43585;0.464052985;0.737333227;0.722912225;0.7885707;0.513079158;0.518596873;0.474342164;0.661166933;0.933902008;0.419430259;0.799710501;0.189333866;0.436456432;0.516703163;0.518360039;0.398649538;0.673245771;0.948017875;0.574202043;1.355509737;0.56396521;0.510201404;0.694254389;0.877886372;0.697281201;0.668719439;0.974026173;0.547140441;0.463798596;0.585631663;0.480658156;0.672623045
43616;0.525947015;0.718666773;0.713087775;0.8804293;0.549920842;0.585403127;0.484657836;0.707833067;0.671097992;0.495569741;0.795289499;0.282666134;0.487543568;0.763296837;0.586639961;0.471350462;0.700754229;1.005982125;0.624797957;1.524490263;0.61603479;0.448798596;0.694745611;0.949113628;0.784718799;0.693280561;0.948973827;0.562859559;0.525201404;0.600368337;0.526341844;0.714376955
43646;0.558;0.709;0.708;0.928;0.569;0.62;0.49;0.732;0.535;0.535;0.793;0.331;0.514;0.891;0.622;0.509;0.715;1.036;0.651;1.612;0.643;0.417;0.695;0.986;0.83;0.706;0.936;0.571;0.557;0.608;0.55;0.736
43677;0.566187199;0.701076904;0.732825702;0.866199849;0.541797369;0.575894764;0.472040982;0.697138376;0.69214141;0.47901012;0.800130787;0.319907665;0.494984569;0.759476602;0.568915255;0.496851252;0.727941057;0.912927904;0.63779484;1.403622568;0.619758918;0.413038452;0.671494814;0.929481913;0.777971668;0.700189729;0.874463952;0.555417911;0.56439489;0.599548697;0.515138376;0.704571718
43708;0.581260828;0.686489521;0.778532835;0.752418263;0.491714022;0.494691666;0.438976247;0.632953892;0.981457837;0.375925947;0.813259431;0.299485329;0.45997485;0.517326046;0.47117979;0.474483932;0.751767116;0.686337224;0.613482535;1.019974398;0.576969261;0.40574476;0.628218912;0.825425249;0.682181187;0.689492315;0.761168612;0.526729391;0.578009781;0.583988822;0.450953892;0.646708433
43738;0.589;0.679;0.802;0.694;0.466;0.453;0.422;0.6;1.13;0.323;0.82;0.289;0.442;0.393;0.421;0.463;0.764;0.57;0.601;0.823;0.555;0.402;0.606;0.772;0.633;0.684;0.703;0.512;0.585;0.576;0.418;0.617
43769;0.597715406;0.788338729;0.769779408;0.734143688;0.52938477;0.480202631;0.436261573;0.609243612;1.445867439;0.371594991;0.767179358;0.430295217;0.448338477;0.431294965;0.47117961;0.471979509;0.77799747;0.690431064;0.588851252;0.77942297;0.571902605;0.40279231;0.623430812;0.780451303;0.64620516;0.681358968;0.734692385;0.514641032;0.548553757;0.581017961;0.418264103;0.629148748
43799;0.613284594;0.983661271;0.712220592;0.805856312;0.64261523;0.528797369;0.461738427;0.625756388;2.010132561;0.458405009;0.672820642;0.682704783;0.459661523;0.499705035;0.56082039;0.488020491;0.80300253;0.905568936;0.567148748;0.70157703;0.602097395;0.40420769;0.654569188;0.795548697;0.66979484;0.676641032;0.791307615;0.519358968;0.483446243;0.589982039;0.418735897;0.650851252
43830;0.622;1.093;0.68;0.846;0.706;0.556;0.476;0.635;2.326;0.507;0.62;0.824;0.466;0.538;0.611;0.497;0.817;1.026;0.555;0.658;0.619;0.405;0.672;0.804;0.683;0.674;0.823;0.522;0.447;0.595;0.419;0.663
43861;0.580830737;1.035416847;0.66170255;0.795951092;0.674248542;0.535011748;0.466313114;0.633116439;1.862105816;0.466099817;0.705298409;0.784983378;0.472727004;0.518088069;0.586244626;0.47924071;0.776099817;1.056136977;0.544505874;0.681409973;0.602317031;0.396927595;0.713976504;0.801040118;0.684345401;0.688799408;0.85798042;0.517425637;0.410405099;0.588272996;0.414156557;0.668381603
43890;0.510169263;0.936583153;0.63029745;0.710048908;0.619751458;0.498988252;0.449686886;0.629883561;1.065894184;0.395900183;0.851701591;0.718016622;0.484272996;0.483911931;0.543755374;0.44875929;0.705900183;1.107863023;0.526494126;0.721590027;0.573682969;0.383072405;0.786023496;0.795959882;0.686654599;0.714200592;0.91801958;0.509574363;0.347594901;0.576727004;0.405843443;0.677618397
43921;0.469;0.879;0.612;0.66;0.588;0.478;0.44;0.628;0.602;0.355;0.937;0.679;0.491;0.464;0.519;0.431;0.665;1.138;0.516;0.745;0.557;0.375;0.828;0.793;0.688;0.729;0.953;0.505;0.311;0.57;0.401;0.683
43951;0.436692626;0.860684009;0.648123205;0.686710821;0.56103479;0.487666773;0.469254709;0.645044048;0.602;0.354236834;0.896552186;0.631174911;0.49507022;0.43703479;0.48999968;0.417263006;0.669578998;1.051507818;0.530754549;0.748307054;0.560307054;0.346762847;0.745832427;0.805719439;0.708096713;0.717298117;1.001588255;0.503728056;0.340763486;0.581447495;0.406596553;0.73260581
43982;0.374307374;0.825315991;0.717876795;0.738289179;0.50896521;0.506333227;0.525745291;0.677955952;0.602;0.352763166;0.818447814;0.538825089;0.50292978;0.38496521;0.43400032;0.390736994;0.678421002;0.884492182;0.559245451;0.754692946;0.566692946;0.292237153;0.587167573;0.830280561;0.746903287;0.694701883;1.095411745;0.501271944;0.398236514;0.603552505;0.417403447;0.82839419
44012;0.342;0.807;0.754;0.765;0.482;0.516;0.555;0.695;0.602;0.352;0.778;0.491;0.507;0.358;0.405;0.377;0.683;0.798;0.574;0.758;0.57;0.264;0.505;0.843;0.767;0.683;1.144;0.5;0.428;0.615;0.423;0.878
44043;0.300535796;0.663591957;0.656281812;0.693692133;0.428122945;0.467140906;0.484748546;0.604412599;0.443009868;0.319251202;0.665756136;0.412561347;0.459989629;0.337664053;0.398133317;0.351381989;0.628330636;0.698168987;0.510087023;0.713894764;0.511633191;0.28618467;0.467761447;0.732076652;0.656604858;0.632292184;0.950148244;0.436351127;0.395779408;0.535504934;0.38100759;0.745156086
44074;0.224195159;0.399560327;0.476370757;0.562405688;0.328928742;0.377185378;0.355407085;0.437630188;0.150289718;0.258956686;0.459101545;0.268146256;0.373437824;0.300223103;0.385490918;0.304216117;0.527677694;0.514367963;0.392415468;0.632691666;0.404172803;0.327029342;0.399200748;0.527853292;0.45335399;0.538932933;0.59324361;0.319165817;0.336457385;0.389144859;0.30369446;0.500574299
44104;0.185;0.264;0.384;0.495;0.278;0.331;0.289;0.352;-1.11022E-16;0.228;0.353;0.194;0.329;0.281;0.379;0.28;0.476;0.42;0.332;0.591;0.349;0.348;0.364;0.423;0.349;0.491;0.41;0.259;0.306;0.314;0.264;0.375
44135;0.176284594;0.348248924;0.381887174;0.504507716;0.308900076;0.326510245;0.292697445;0.361507716;0.164008093;0.262861624;0.357489755;0.256592461;0.334282064;0.25221275;0.389035922;0.285282064;0.492638502;0.414453833;0.330151278;0.566438402;0.35639489;0.330833291;0.334420441;0.430130787;0.358771819;0.483341007;0.439051353;0.265866683;0.287512775;0.334864154;0.267697445;0.407748798
44165;0.160715406;0.498751076;0.378112826;0.521492284;0.364099924;0.318489755;0.299302555;0.378492284;0.456991907;0.325138376;0.365510245;0.368407539;0.343717936;0.20078725;0.406964078;0.294717936;0.522361498;0.404546167;0.326848722;0.522561598;0.36960511;0.300166709;0.281579559;0.442869213;0.376228181;0.469658993;0.490948647;0.278133317;0.254487225;0.372135846;0.274302555;0.466251202
44196;0.152;0.583;0.376;0.531;0.395;0.314;0.303;0.388;0.621;0.36;0.37;0.431;0.349;0.172;0.417;0.3;0.539;0.399;0.325;0.498;0.377;0.283;0.252;0.45;0.386;0.462;0.52;0.285;0.236;0.393;0.278;0.499
44227;0.143774156;0.521580368;0.380387117;0.55046783;0.393903221;0.337580752;0.344951802;0.409935583;0.450725037;0.327096626;0.429226074;0.404951495;0.366822661;0.190645246;0.441951726;0.290951572;0.495403029;0.531984472;0.332129064;0.429177108;0.386048428;0.242419171;0.268177492;0.471661388;0.417806595;0.488871089;0.544403336;0.313242063;0.31277454;0.38614513;0.312822738;0.516548466
44255;0.130225844;0.420419632;0.387612883;0.58253217;0.392096779;0.376419248;0.414048198;0.446064417;0.170274963;0.272903374;0.526773926;0.362048505;0.396177339;0.221354754;0.483048274;0.276048428;0.423596971;0.751015528;0.343870936;0.315822892;0.400951572;0.175580829;0.294822508;0.507338612;0.470193405;0.533128911;0.584596664;0.359757937;0.43922546;0.37485487;0.370177262;0.545451534
44286;0.122;0.359;0.392;0.602;0.391;0.4;0.456;0.468;0;0.24;0.586;0.336;0.414;0.24;0.508;0.267;0.38;0.884;0.351;0.247;0.41;0.135;0.311;0.529;0.502;0.56;0.609;0.388;0.516;0.368;0.405;0.563
44316;0.206202683;0.339920842;0.405991382;0.590298117;0.39710533;0.379648898;0.43539451;0.459350782;0;0.243815832;0.547332907;0.362202043;0.390850622;0.257044048;0.431937758;0.277175551;0.38610533;0.760367058;0.34896489;0.226140121;0.401350782;0.234974787;0.357807534;0.506359399;0.492587616;0.564324609;0.619175551;0.389526333;0.464613468;0.360622726;0.388719119;0.545192786
44347;0.368797317;0.303079158;0.433008618;0.567701883;0.40889467;0.340351102;0.39560549;0.442649218;0;0.251184168;0.472667093;0.412797957;0.346149378;0.289955952;0.285062242;0.296824449;0.39789467;0.521632942;0.34503511;0.185859879;0.384649218;0.428025213;0.448192466;0.462640601;0.474412384;0.572675391;0.638824449;0.392473667;0.365386532;0.346377274;0.357280881;0.510807214
44377;0.453;0.284;0.447;0.556;0.415;0.32;0.375;0.434;0;0.255;0.434;0.439;0.323;0.307;0.209;0.307;0.404;0.398;0.343;0.165;0.376;0.528;0.495;0.44;0.465;0.577;0.649;0.394;0.314;0.339;0.341;0.493
44408;0.405197319;0.339461674;0.445679484;0.54939742;0.421338477;0.327658993;0.371038452;0.422643562;0;0.238889704;0.453807741;0.374294714;0.326169239;0.332882115;0.275818112;0.32839236;0.349066532;0.557782442;0.352243612;0.297315708;0.378112826;0.433979257;0.445084493;0.431812801;0.441230711;0.539761447;0.625758918;0.392679484;0.319282064;0.344546167;0.324361498;0.492735897
44439;0.317186776;0.441573354;0.443248253;0.537241267;0.433008383;0.34176013;0.36374476;0.40173498;0;0.209228692;0.490276198;0.25516442;0.332004192;0.380534232;0.398838374;0.367778294;0.247927344;0.85196133;0.369262226;0.540925002;0.382002794;0.260875647;0.353183981;0.416739172;0.397468563;0.471200748;0.582969261;0.390248253;0.329006986;0.354757335;0.293727994;0.492249651
44469;0.272;0.494;0.442;0.531;0.439;0.349;0.36;0.391;0;0.194;0.509;0.194;0.335;0.405;0.462;0.388;0.196;1.003;0.378;0.666;0.384;0.172;0.306;0.409;0.375;0.436;0.561;0.389;0.334;0.36;0.278;0.492
44500;0.311879585;0.484228181;0.482935997;0.593064254;0.448243612;0.356130787;0.375053883;0.42638983;0;0.265836073;0.498964078;0.283266885;0.336848722;0.431674424;0.449851252;0.371097395;0.303225903;0.870684292;0.383282064;0.711425752;0.406712876;0.288469515;0.337956488;0.439107766;0.414615481;0.494102706;0.634156589;0.432312926;0.31921022;0.42417708;0.289620541;0.568325828
44530;0.383120415;0.466771819;0.556064003;0.703935746;0.464756388;0.368869213;0.401946117;0.48961017;0;0.394163927;0.481035922;0.442733115;0.340151278;0.479325576;0.428148748;0.340902605;0.494774097;0.634315708;0.392717936;0.792574248;0.447287124;0.496530485;0.395043512;0.492892234;0.485384519;0.597897294;0.764843411;0.509687074;0.29278978;0.53882292;0.310379459;0.704674172
44561;0.423;0.457;0.597;0.766;0.474;0.376;0.417;0.525;0;0.466;0.471;0.532;0.342;0.506;0.416;0.324;0.602;0.502;0.398;0.838;0.47;0.613;0.427;0.523;0.525;0.656;0.838;0.553;0.278;0.603;0.322;0.781
44592;0.397499885;0.43808056;0.589048351;0.711983627;0.489354908;0.366403182;0.390128911;0.495112768;0.157662003;0.416370743;0.43261273;0.412725267;0.338983857;0.515048428;0.403935429;0.322080636;0.548806211;0.612774694;0.371951495;0.630982936;0.452725728;0.527451226;0.360370667;0.488177262;0.499499885;0.621999846;0.815790222;0.529693443;0.309532401;0.523483512;0.300887001;0.730822354
44620;0.355500115;0.40691944;0.575951649;0.623016373;0.514645092;0.350596818;0.345871089;0.445887232;0.417337997;0.334629257;0.36938727;0.216274733;0.334016143;0.529951572;0.384064571;0.318919364;0.461193789;0.795225306;0.329048505;0.290017064;0.424274272;0.386548774;0.250629333;0.430822738;0.457500115;0.566000154;0.779209778;0.491306557;0.361467599;0.392516488;0.266112999;0.648177646
44651;0.33;0.388;0.568;0.569;0.53;0.341;0.319;0.416;0.575;0.285;0.331;0.097;0.331;0.539;0.372;0.317;0.408;0.906;0.303;0.083;0.407;0.301;0.184;0.396;0.432;0.532;0.757;0.468;0.393;0.313;0.245;0.598
44681;0.314991063;0.432263646;0.619386532;0.593675711;0.504306734;0.346850942;0.33757038;0.441947655;0.573219279;0.300263326;0.359491542;0.182983404;0.354403767;0.487867857;0.360298117;0.314456112;0.382561123;0.905491222;0.333272264;0.188062562;0.422517715;0.310921162;0.272018515;0.421438877;0.462017875;0.581860199;0.799991702;0.468508778;0.371631343;0.342509097;0.25950016;0.628017875
44712;0.286008937;0.517736354;0.718613468;0.641324289;0.454693266;0.358149058;0.37342962;0.492052345;0.569780721;0.329736674;0.414508458;0.349016596;0.399596233;0.389132143;0.337701883;0.309543888;0.333438877;0.904508778;0.391727736;0.390937438;0.452482285;0.330078838;0.441981485;0.470561123;0.519982125;0.678139801;0.883008298;0.469491222;0.330368657;0.399490903;0.28749984;0.685982125
44742;0.271;0.562;0.77;0.666;0.429;0.364;0.392;0.518;0.568;0.345;0.443;0.435;0.423;0.338;0.326;0.307;0.308;0.904;0.422;0.496;0.468;0.34;0.53;0.496;0.55;0.728;0.926;0.47;0.309;0.429;0.302;0.716
44773;0.310087275;0.515517835;0.734874273;0.65860511;0.414738427;0.365056413;0.388830761;0.505851252;0.417989377;0.361374399;0.399951177;0.384028081;0.403984569;0.42937971;0.33260258;0.328128257;0.320412851;0.851179358;0.407474323;0.496528206;0.459284594;0.32679484;0.497779408;0.497584619;0.53600253;0.710569188;0.890081964;0.468943587;0.282853782;0.417907665;0.297510245;0.667405009
44804;0.382051697;0.429938522;0.670203542;0.644990219;0.388481138;0.367001397;0.382995808;0.483483932;0.141801594;0.391521657;0.320693063;0.290182584;0.36897485;0.59762086;0.344758733;0.367027944;0.343266417;0.753930139;0.380730788;0.497500699;0.443238473;0.302482535;0.438457385;0.500502096;0.510231487;0.678476946;0.823952494;0.466998603;0.234715419;0.397485329;0.289244062;0.577935728
44834;0.419;0.386;0.637;0.638;0.375;0.368;0.38;0.472;-2.22045E-16;0.407;0.28;0.242;0.351;0.684;0.351;0.387;0.355;0.704;0.367;0.498;0.435;0.29;0.408;0.502;0.497;0.662;0.79;0.466;0.21;0.387;0.285;0.532
44865;0.379912725;0.451761699;0.656015431;0.631133317;0.400089805;0.359284594;0.37260511;0.470151278;0;0.391682014;0.317766759;0.25599747;0.360507716;0.64121528;0.381900076;0.376699975;0.41178219;0.678381989;0.358020491;0.45521528;0.44239489;0.319843663;0.408528206;0.489587149;0.505451303;0.63981533;0.772040982;0.473130787;0.250671894;0.381982039;0.285264103;0.551807741
44895;0.310087275;0.569238301;0.689984569;0.618866683;0.444910195;0.343715406;0.35939489;0.466848722;0;0.364317986;0.385233241;0.28100253;0.377492284;0.56478472;0.437099924;0.358300025;0.51321781;0.632618011;0.341979509;0.37878472;0.45560511;0.373156337;0.409471794;0.467412851;0.520548697;0.60018467;0.739959018;0.485869213;0.323328106;0.373017961;0.285735897;0.587192259
44926;0.271;0.635;0.709;0.612;0.47;0.335;0.352;0.465;0;0.349;0.423;0.295;0.387;0.522;0.468;0.348;0.57;0.607;0.333;0.336;0.463;0.403;0.41;0.455;0.529;0.578;0.722;0.493;0.364;0.368;0.286;0.607
44957;0.312129218;0.607306326;0.729564609;0.629822661;0.479322623;0.350903298;0.356112922;0.478709739;0.495469981;0.367371051;0.427935506;0.323790453;0.389193558;0.437273811;0.457032209;0.354032285;0.605371128;0.776178184;0.346435545;0.427032669;0.473693597;0.379419248;0.393822508;0.47391944;0.540516181;0.630645399;0.76093566;0.506709739;0.352758014;0.364161273;0.293677454;0.619338765
44985;0.379870782;0.561693674;0.763435391;0.659177339;0.494677377;0.377096702;0.362887078;0.501290261;1.311530019;0.397628949;0.436064494;0.371209547;0.392806442;0.297726189;0.438967791;0.363967715;0.663628872;1.054821816;0.368564455;0.576967331;0.491306403;0.340580752;0.367177492;0.50508056;0.559483819;0.717354601;0.82506434;0.529290261;0.334241986;0.357838727;0.306322546;0.639661235
45016;0.421;0.534;0.784;0.677;0.504;0.393;0.367;0.515;1.807;0.416;0.441;0.4;0.395;0.213;0.428;0.37;0.699;1.224;0.382;0.668;0.502;0.317;0.351;0.524;0.571;0.77;0.864;0.543;0.323;0.354;0.314;0.652
45046;0.429394829;0.543666773;0.762376955;0.709052985;0.496877114;0.400122886;0.377175551;0.527719439;1.347319492;0.38496457;0.471017875;0.375833067;0.401868497;0.359527932;0.417061283;0.389333547;0.616578038;1.231886052;0.397008937;0.519691347;0.504543888;0.371439197;0.371859879;0.548675711;0.587789659;0.751938397;0.869850942;0.564114268;0.320710501;0.371298436;0.331298436;0.656324609
45077;0.445605171;0.562333227;0.720623045;0.770947015;0.483122886;0.413877114;0.396824449;0.552280561;0.459680508;0.32503543;0.528982125;0.329166933;0.415131503;0.642472068;0.395938717;0.426666453;0.457421962;1.247113948;0.425991063;0.233308653;0.509456112;0.476560803;0.412140121;0.596324289;0.620210341;0.717061603;0.881149058;0.604885732;0.316289499;0.404701564;0.364701564;0.664675391
45107;0.454;0.572;0.699;0.803;0.476;0.421;0.407;0.565;-2.22045E-16;0.294;0.559;0.305;0.422;0.789;0.385;0.446;0.375;1.255;0.441;0.085;0.512;0.531;0.433;0.621;0.637;0.699;0.887;0.626;0.314;0.422;0.382;0.669
45138;0.382692133;0.640138628;0.679720466;0.719543386;0.437176828;0.402776879;0.399341007;0.542287124;0;0.299017961;0.484522895;0.359141158;0.417510245;0.695771567;0.379717936;0.425135846;0.352287124;1.095217558;0.435453833;0.21916443;0.486646092;0.512512775;0.395497344;0.594589679;0.617456362;0.686587149;0.835763977;0.576876803;0.301058943;0.406946117;0.359023021;0.629648622
45169;0.251405688;0.765590121;0.644224501;0.565889619;0.365698652;0.369225898;0.38523987;0.50046996;0;0.308256637;0.347401496;0.458821608;0.409244062;0.524126695;0.369993014;0.386722405;0.31046996;0.80103867;0.425242665;0.466177447;0.439966467;0.478475549;0.326450399;0.545965069;0.581474151;0.663733583;0.741432235;0.486435029;0.277232884;0.37923009;0.31671961;0.557197953
45199;0.184;0.83;0.626;0.487;0.329;0.352;0.378;0.479;0;0.313;0.277;0.51;0.405;0.436;0.365;0.367;0.289;0.65;0.42;0.593;0.416;0.461;0.291;0.521;0.563;0.652;0.693;0.44;0.265;0.365;0.295;0.52
