ticker,gics_category,error
AAPL,Information Technology,
ABC,Unknown,
ABMD,Health Care,
ADBE,Information Technology,
ADI,Information Technology,
ADM,Consumer Staples,
ADP,Information Technology,
ADSK,Information Technology,
AEE,Utilities,
AEP,Utilities,
AES,Utilities,
AFL,Financials,
AIG,Financials,
AIV,Real Estate,
AJG,Financials,
AKAM,Information Technology,
ALB,Materials,
ALL,Financials,
AMAT,Information Technology,
AMD,Information Technology,
AME,Industrials,
AMGN,Health Care,
AMT,Real Estate,
ANSS,Information Technology,
AON,Financials,
AOS,Industrials,
APA,Energy,
APD,Materials,
APH,Information Technology,
ARE,Real Estate,
ATO,Utilities,
ATVI,Communication Services,
AVB,Real Estate,
AVY,Materials,
AXP,Financials,
AZO,Consumer Discretionary,
BA,Industrials,
BAC,Financials,
BAX,Health Care,
BBY,Consumer Discretionary,
BDX,Health Care,
BEN,Financials,
BF-B,Consumer Staples,
BIIB,Health Care,
BIO,Health Care,
BK,Financials,
BKNG,Consumer Discretionary,
BLK,Financials,
BLL,Materials,
BMY,Health Care,
BRK.B,Financials,
BSX,Health Care,
BWA,Industrials,
BXP,Real Estate,
C,Financials,
CAG,Consumer Staples,
CAH,Health Care,
CAT,Industrials,
CB,Financials,
CCI,Real Estate,
CCL,Consumer Discretionary,
CDNS,Information Technology,
CERN,Unknown,
CHD,Consumer Staples,
CHRW,Industrials,
CI,Health Care,
CINF,Financials,
CL,Consumer Staples,
CMA,Financials,
CMCSA,Communication Services,
CMI,Industrials,
CMS,Utilities,
CNP,Utilities,
COF,Financials,
COG,Energy,
COO,Health Care,
COP,Energy,
CPB,Consumer Staples,
CSCO,Information Technology,
CSX,Industrials,
CTAS,Industrials,
CTL,Communication Services,
CTXS,Information Technology,
CVS,Health Care,
CVX,Energy,
D,Utilities,
DD,Materials,
DE,Industrials,
DGX,Health Care,
DHI,Real Estate,
DHR,Health Care,
DIS,Communication Services,
DISH,Communication Services,
DLTR,Consumer Staples,
DOV,Industrials,
DRE,Real Estate,
DRI,Consumer Discretionary,
DTE,Utilities,
DUK,Utilities,
DVA,Health Care,
DVN,Energy,
EA,Communication Services,
EBAY,Consumer Discretionary,
ECL,Industrials,
ED,Utilities,
EFX,Industrials,
EIX,Utilities,
EL,Consumer Discretionary,
EMN,Materials,
EMR,Industrials,
EOG,Energy,
EQR,Real Estate,
ES,Utilities,
ESS,Real Estate,
ETN,Industrials,
ETR,Utilities,
EXC,Utilities,
EXPD,Industrials,
F,Consumer Discretionary,
FAST,Industrials,
FCX,Materials,
FDX,Industrials,
FE,Utilities,
FFIV,Information Technology,
FISV,Information Technology,
FITB,Financials,
FLIR,Industrials,
FLS,Industrials,
FMC,Materials,
FRT,Real Estate,
GD,Industrials,
GILD,Health Care,
GIS,Consumer Staples,
GL,Financials,
GPC,Industrials,
GPS,Consumer Discretionary,
GS,Financials,
GWW,Industrials,
HAL,Energy,
HAS,Consumer Discretionary,
HBAN,Financials,
HD,Consumer Discretionary,
HES,Energy,
HFC,Energy,
HIG,Financials,
HOLX,Health Care,
HON,Industrials,
HPQ,Information Technology,
HRB,Financials,
HRL,Consumer Staples,
HSIC,Health Care,
HST,Real Estate,
HSY,Consumer Staples,
HUM,Health Care,
HWM,Industrials,
IBM,Information Technology,
IDXX,Health Care,
IEX,Industrials,
IFF,Materials,
INCY,Health Care,
INTC,Information Technology,
INTU,Information Technology,
IP,Materials,
IPG,Communication Services,
IRM,Real Estate,
IT,Industrials,
ITW,Industrials,
IVZ,Financials,
J,Energy,
JBHT,Industrials,
JCI,Industrials,
JKHY,Information Technology,
JNJ,Health Care,
JNPR,Information Technology,
JPM,Financials,
K,Consumer Staples,
KEY,Financials,
KLAC,Information Technology,
KMB,Consumer Staples,
KMX,Consumer Discretionary,
KO,Consumer Staples,
KR,Consumer Staples,
KSS,Consumer Discretionary,
KSU,Industrials,
L,Financials,
LB,Financials,
LEN,Real Estate,
LLY,Health Care,
LMT,Industrials,
LNC,Financials,
LNT,Utilities,
LOW,Consumer Discretionary,
LRCX,Information Technology,
LUV,Industrials,
MAA,Real Estate,
MAR,Consumer Discretionary,
MAS,Industrials,
MCD,Consumer Discretionary,
MCHP,Information Technology,
MCO,Financials,
MDT,Health Care,
MGM,Consumer Discretionary,
MHK,Consumer Discretionary,
MKC,Consumer Staples,
MLM,Materials,
MMC,Financials,
MMM,Industrials,
MNST,Consumer Staples,
MO,Consumer Staples,
MRK,Health Care,
MRO,Energy,
MS,Financials,
MSFT,Information Technology,
MSI,Information Technology,
MTB,Financials,
MTD,Health Care,
MU,Information Technology,
MXIM,Information Technology,
NEE,Utilities,
NEM,Materials,
NI,Information Technology,
NLOK,Information Technology,
NOC,Industrials,
NOV,Energy,
NSC,Industrials,
NTAP,Information Technology,
NTRS,Financials,
NUE,Materials,
NVDA,Information Technology,
NVR,Real Estate,
NWL,Consumer Discretionary,
O,Real Estate,
OKE,Energy,
OMC,Communication Services,
ORCL,Information Technology,
ORLY,Consumer Discretionary,
OXY,Energy,
PBCT,Financials,
PCAR,Industrials,
PEAK,Real Estate,
PEG,Utilities,
PEP,Consumer Staples,
PG,Consumer Staples,
PGR,Financials,
PH,Industrials,
PHM,Real Estate,
PLD,Real Estate,
PNC,Financials,
PNR,Industrials,
PNW,Utilities,
PPG,Materials,
PPL,Utilities,
PRGO,Health Care,
PSA,Real Estate,
PWR,Industrials,
QCOM,Information Technology,
RCL,Consumer Discretionary,
RE,Financials,
REG,Real Estate,
REGN,Health Care,
RF,Financials,
RJF,Financials,
RL,Consumer Discretionary,
RMD,Health Care,
ROP,Industrials,
ROST,Consumer Discretionary,
RSG,Industrials,
RTX,Industrials,
SBAC,Real Estate,
SBUX,Consumer Discretionary,
SCHW,Financials,
SEE,Materials,
SHW,Materials,
SIVB,Financials,
SJM,Consumer Staples,
SLB,Energy,
SLG,Real Estate,
SNA,Industrials,
SNPS,Information Technology,
SO,Utilities,
SPG,Real Estate,
SRE,Utilities,
STE,Health Care,
STT,Financials,
STZ,Consumer Staples,
SWK,Industrials,
SWKS,Information Technology,
SYK,Health Care,
SYY,Consumer Staples,
T,Communication Services,
TAP,Consumer Staples,
TFC,Financials,
TFX,Health Care,
TGT,Consumer Discretionary,
TJX,Consumer Discretionary,
TMO,Health Care,
TROW,Financials,
TRV,Financials,
TSCO,Consumer Staples,
TSN,Consumer Staples,
TT,Industrials,
TTWO,Communication Services,
TXN,Information Technology,
TXT,Industrials,
TYL,Information Technology,
UDR,Real Estate,
UHS,Health Care,
UNH,Health Care,
UNM,Financials,
UNP,Industrials,
URI,Industrials,
USB,Financials,
VAR,Health Care,
VFC,Consumer Discretionary,
VLO,Energy,
VMC,Materials,
VNO,Real Estate,
VRSN,Information Technology,
VRTX,Health Care,
VTR,Real Estate,
VZ,Communication Services,
WAB,Industrials,
WAT,Health Care,
WBA,Consumer Staples,
WDC,Information Technology,
WEC,Utilities,
WFC,Financials,
WHR,Consumer Discretionary,
WM,Industrials,
WMB,Energy,
WMT,Consumer Staples,
WRB,Financials,
WST,Health Care,
WY,Materials,
XEL,Utilities,
XLNX,Information Technology,
XOM,Energy,
XRAY,Health Care,
XRX,Information Technology,
YUM,Consumer Discretionary,
ZBRA,Information Technology,
ZION,Financials,
ABT,Health Care,
ALXN,Health Care,
AMZN,Consumer Discretionary,
CLX,Consumer Staples,
COST,Consumer Staples,
CPRT,Industrials,
CTSH,Information Technology,
GE,Industrials,
GLW,Materials,
LEG,Consumer Discretionary,
LH,Health Care,
MCK,Health Care,
MOS,Materials,
NKE,Consumer Discretionary,
ODFL,Industrials,
PAYX,Industrials,
PFE,Health Care,
PKI,Health Care,
PVH,Consumer Discretionary,
PXD,Energy,
